{
  "BBC_Bulgarian_01": 50.58045977011494,
  "DW_Bulgarian_01": 50.85632183908046,
  "BBC_Bulgarian_03": 50.60344827586207,
  "DW_Bulgarian_02": 50.839080459770116,
  "BBC_Bulgarian_02": 50.59770114942529
}
